net,length_um
_0539_,359.16
clknet_0_clk,308.57
_0515_,307.67
_0203_,288.87
_0189_,285.43
net72,272.05
_0579_,256.38
_0590_,253.63
_0252_,248.465
_0572_,247.97
net79,245.08
net136,241.63
net116,236.48
net93,234.32
_0448_,221.24
net112,221.14
_0453_,218.17
net141,211.04
net148,209.22
net105,206.74
net91,206.14
net83,199.21
net122,198.1
net159,192.8
_0420_,190.28
_0397_,189.08
net34,188.5
net166,185.37
net107,183.365
net157,183.14
net89,179.84
net67,173.42
net119,170.88
net75,167.38
net149,167.38
clk,165
net146,164.46
_0522_,163.71
net164,161.2
net22,159.63
net98,159.32
_0342_,157.62
clknet_4_0_0_clk,157.44
_0461_,157.02
_0417_,155.8
net19,154.64
rf_ram_if.rtrig0,154.63
_0211_,153.86
net43,153.18
clknet_4_7_0_clk,152.7
clknet_4_2_0_clk,150.66
net82,150.2
net46,149.65
cpu.bufreg.data\[0\],148.375
net69,147.65
net6,142.89
net155,142.82
net108,142.62
_0614_,141.9
net115,141.69
net88,140.88
net86,140.78
_0314_,140.12
net5,137.9
_0324_,137.82
net117,135.86
net21,135.26
_0419_,134.44
clknet_4_15_0_clk,133.54
net42,133.29
net144,132.54
net178,131.86
_0415_,131.49
net4,130.58
net127,130.56
net30,130.54
net129,129.98
_0290_,129.54
net12,129.42
net126,129.42
net145,129.36
_0276_,128.87
_0610_,128.87
cpu.alu.i_rs1,128.57
net137,127.54
net37,126.66
net96,126.1
clknet_4_4_0_clk,126.06
net140,125.82
_0401_,125.79
net173,125.02
net35,124.57
net147,123.98
net170,123.72
clknet_4_5_0_clk,123.54
net131,123.32
net113,121.8
net24,121.05
net123,120.9
net97,120.54
net150,120.02
clknet_4_13_0_clk,117.78
cpu.bufreg.data\[1\],117.62
_0288_,117.275
net124,117.15
_0289_,115.16
_0300_,114.41
_0388_,112.8
cpu.decode.opcode\[1\],112.465
clknet_4_8_0_clk,112.38
net152,111.9
net130,111.16
_0266_,110.7
net48,109.02
net45,108.46
net110,108.02
net1,107.26
net133,107.18
net139,106.86
net62,106.46
_0414_,105.25
net26,104.77
_0365_,102.31
_0311_,102.27
clknet_4_11_0_clk,102
net39,101.94
net121,101.3
net101,100.44
_0332_,100.1
net134,99.72
_0298_,99.48
cpu.branch_op,99.25
_0275_,99.24
net38,98.98
net160,98.64
_0284_,97.72
net51,96.8
cpu.decode.op26,96.36
clknet_4_10_0_clk,95.88
_0179_,95.32
net2,92.44
net81,92.03
_0370_,91.855
net54,91.78
clknet_4_6_0_clk,91.38
net132,90.86
net70,90.58
net168,90.46
net177,89.86
net106,89.34
cpu.bufreg.i_sh_signed,89.3
net103,88.84
_0285_,87.22
_0310_,86.24
net20,85.96
_0574_,85.72
_0307_,85.355
net16,85.16
cpu.gen_csr.csr.o_new_irq,85.075
_0512_,84.96
net53,84.86
cpu.decode.opcode\[2\],84.83
clknet_4_12_0_clk,84.5
clknet_4_14_0_clk,84.45
net189,84.26
net138,84.22
clknet_4_1_0_clk,83.8
net158,83.72
net68,83.3
net84,83.16
_0567_,82.68
cpu.immdec.gen_immdec_w_eq_1.imm30_25\[0\],82.26
net66,81.88
_0258_,81.62
net111,81.22
_0636_,79.82
net120,79.78
net193,79.38
_0550_,79.33
cpu.csr_imm,79.1
_0272_,79.04
net184,78.74
net28,76.3
net23,75.7
_0523_,75.48
net118,74.72
net47,74.54
_0494_,74.26
_0520_,74.26
net161,74.24
net65,74.16
cpu.decode.co_ebreak,74.02
net165,73.96
_0312_,73.155
_0280_,72.24
net135,71.84
clknet_4_3_0_clk,70.48
net128,69.54
_0524_,68.96
_0525_,68.86
net114,68.12
net40,67.5
clknet_4_9_0_clk,66.28
cpu.immdec.gen_immdec_w_eq_1.imm19_12_20\[5\],65.72
_0526_,64.84
cpu.immdec.gen_immdec_w_eq_1.imm11_7\[1\],64.6
_0530_,64.12
_0565_,64
net8,63.98
net56,63.78
_0286_,63.72
_0394_,63.58
_0466_,63.51
_0337_,63.495
cpu.bne_or_bge,62.48
_0527_,62.24
net44,61.94
_0350_,61.76
net109,61.66
net153,60.82
net100,60.6
_0452_,58.865
cpu.immdec.gen_immdec_w_eq_1.imm31,57.83
net90,57.22
_0263_,57.175
net104,57.16
net172,57.1
net143,57.08
_0338_,57.02
_0268_,56.36
net154,56
_0316_,55.84
net32,55.7
_0514_,55.12
_0261_,54.32
net167,53.86
net163,53.74
_0473_,53.62
cpu.o_wdata0,53.605
_0650_,53.36
net74,53.32
_0318_,53.16
net185,53.06
net58,52.98
net102,52.76
cpu.immdec.gen_immdec_w_eq_1.imm24_20\[0\],52.58
cpu.state.init_done,52.08
cpu.decode.opcode\[0\],51.98
net27,51.16
net179,51.02
cpu.gen_csr.csr.mstatus_mie,50.7
net18,50.66
_0269_,50.16
net61,49.7
_0322_,49.68
net14,49.64
_0445_,49.62
net59,48.24
net85,48.18
net183,47.78
_0356_,47.38
cpu.o_wdata1,47.165
_0372_,46.99
_0413_,46
cpu.immdec.gen_immdec_w_eq_1.imm30_25\[4\],45.72
_0437_,45.54
cpu.state.cnt_r\[0\],45.38
net171,45.26
_0367_,44.88
_0386_,44.72
net142,44.7
_0596_,44.34
_0271_,43.66
net3,43.24
_0329_,42.9
net17,42.48
net80,42.06
net76,41.82
net181,41.64
_0294_,41.35
_0455_,41.28
cpu.state.gen_csr.misalign_trap_sync_r,41.16
net176,40.82
cpu.decode.op22,40.57
net87,40.54
_0267_,40.38
_0627_,40.2
net64,39.48
cpu.immdec.gen_immdec_w_eq_1.imm24_20\[3\],39.47
net31,39.18
_0519_,38.94
i_dbus_rdt[4],38.87
net50,38.66
_0265_,38.04
_0331_,37.44
_0317_,37.24
cpu.state.cnt_r\[1\],37
net78,36.98
cpu.decode.co_mem_word,36.8
cpu.gen_csr.csr.mcause3_0\[0\],36.78
net36,36.78
net29,36.54
_0305_,36.4
_0444_,36.16
_0309_,36.12
cpu.immdec.gen_immdec_w_eq_1.imm11_7\[4\],35.93
net77,35.92
net191,35.895
_0175_,35.5
o_dbus_adr[18],34.77
_0651_,34.455
_0382_,34.14
_0328_,34.02
_0648_,33.1
_0395_,32.68
net13,32.6
net182,32.4
_0373_,32.08
_0402_,32.04
net55,31.86
cpu.state.cnt_r\[2\],31.58
o_ibus_adr[19],31.45
net63,31.38
_0264_,30.88
net25,30.74
_0503_,30.72
cpu.immdec.gen_immdec_w_eq_1.imm24_20\[1\],30.46
i_ibus_rdt[8],30.37
_0251_,30.32
_0260_,29.98
net174,29.4
_0447_,29.04
_0457_,28.54
_0432_,28.48
net49,27.9
_0259_,27.74
cpu.alu.add_cy_r,27.56
cpu.bufreg.i_right_shift_op,27.12
net57,27.12
cpu.immdec.gen_immdec_w_eq_1.imm19_12_20\[1\],26.4
cpu.immdec.gen_immdec_w_eq_1.imm24_20\[2\],26.385
_0411_,25.62
o_waddr[7],25.49
_0459_,25.4
_0359_,24.72
net194,24.58
_0481_,24.38
_0416_,24.3
o_dbus_dat[11],24.02
net94,23.8
cpu.immdec.gen_immdec_w_eq_1.imm11_7\[2\],23.74
_0340_,23.72
cpu.bufreg2.i_bytecnt\[0\],23.6
_0509_,23.54
net151,23.5
o_ibus_adr[6],23.4
_0254_,23.38
net92,23.2
net162,23.2
o_dbus_dat[29],23.16
_0345_,23.04
_0652_,22.58
net52,22.54
net11,22.48
_0313_,22.24
_0364_,22.18
_0600_,22.16
_0190_,21.96
net125,21.96
_0400_,21.74
net73,21.54
i_dbus_rdt[12],21.41
_0262_,21.4
cpu.immdec.gen_immdec_w_eq_1.imm19_12_20\[7\],21.34
_0436_,21.29
_0279_,21.24
o_ibus_adr[11],21.17
net33,21.12
_0257_,20.925
_0326_,20.8
cpu.immdec.gen_immdec_w_eq_1.imm19_12_20\[0\],20.44
rf_ram_if.wen1_r,20.38
_0389_,20.32
net156,20.2
o_ibus_adr[2],20.08
_0325_,20.06
i_dbus_rdt[24],20.03
_0606_,19.79
_0299_,19.735
o_ibus_adr[10],19.69
_0348_,19.64
net41,19.64
o_ibus_adr[30],19.57
i_dbus_rdt[22],19.44
cpu.immdec.gen_immdec_w_eq_1.imm19_12_20\[8\],19.28
i_ibus_rdt[5],19.27
cpu.immdec.gen_immdec_w_eq_1.imm11_7\[3\],19.165
i_rst,19.03
o_dbus_adr[13],18.66
_0635_,18.62
_0281_,18.48
cpu.immdec.gen_immdec_w_eq_1.imm19_12_20\[6\],18.34
cpu.decode.op21,18.28
o_ibus_adr[31],18.24
o_ibus_adr[4],17.97
_0435_,17.9
o_ibus_adr[25],17.58
i_ibus_rdt[29],17.46
rf_ram_if.rtrig1,17.12
cpu.immdec.gen_immdec_w_eq_1.imm11_7\[0\],17.02
net169,16.86
o_dbus_adr[20],16.84
_0361_,16.66
_0589_,16.66
_0301_,16.63
rf_ram_if.wdata0_r\[1\],16.5
cpu.state.cnt_r\[3\],16.26
o_dbus_adr[23],16.15
rf_ram_if.rdata1,16.04
_0357_,15.92
cpu.state.o_cnt\[2\],15.67
_0640_,15.6
o_dbus_dat[22],15.57
_0321_,15.52
_0339_,15.44
_0403_,15.145
_0434_,15
_0176_,14.96
o_dbus_adr[19],14.93
o_dbus_dat[2],14.93
o_dbus_adr[10],14.68
net204,14.68
_0346_,14.64
o_dbus_adr[28],14.59
o_ibus_adr[29],14.57
_0327_,14.48
o_waddr[5],14.44
_0439_,14.42
o_waddr[6],14.22
net10,14.2
_0483_,14.16
net206,14.14
i_ibus_rdt[3],14.08
cpu.immdec.gen_immdec_w_eq_1.imm19_12_20\[2\],14.06
o_ibus_adr[28],14.02
_0255_,13.98
o_ibus_adr[23],13.97
net9,13.96
cpu.immdec.gen_immdec_w_eq_1.imm30_25\[1\],13.9
i_dbus_rdt[14],13.86
cpu.immdec.gen_immdec_w_eq_1.imm24_20\[4\],13.845
_0433_,13.84
_0442_,13.66
rf_ram_if.wen0_r,13.66
_0475_,13.64
i_dbus_rdt[31],13.48
_0487_,13.41
_0385_,13.36
_0053_,13.305
o_dbus_dat[31],13.3
o_dbus_sel[1],13.3
net192,13.3
_0486_,13.18
cpu.ctrl.i_jump,13.18
i_dbus_rdt[28],13.06
i_dbus_rdt[20],13.02
i_dbus_rdt[17],12.94
o_dbus_dat[12],12.94
o_dbus_dat[10],12.84
o_dbus_sel[3],12.81
cpu.immdec.gen_immdec_w_eq_1.imm30_25\[2\],12.78
_0032_,12.685
_0428_,12.64
cpu.immdec.gen_immdec_w_eq_1.imm7,12.62
o_waddr[4],12.62
cpu.alu.cmp_r,12.54
i_ibus_rdt[14],12.48
o_dbus_adr[4],12.38
net71,12.34
_0408_,12.26
_0425_,12.18
o_ibus_adr[5],12.16
_0349_,12.1
_0508_,12.06
i_dbus_rdt[16],12.02
i_ibus_rdt[24],12.02
i_ibus_rdt[16],12.01
o_dbus_sel[0],11.92
o_dbus_dat[4],11.8
o_ibus_adr[0],11.8
net7,11.7
_0320_,11.68
o_dbus_cyc,11.65
_0347_,11.64
_0581_,11.64
i_dbus_rdt[15],11.56
_0623_,11.48
i_ibus_rdt[10],11.46
_0379_,11.42
net95,11.4
_0613_,11.24
o_waddr[0],11.24
_0468_,11.2
_0516_,11.2
_0456_,11.1
i_dbus_rdt[27],11.1
i_dbus_rdt[3],11.1
i_dbus_rdt[6],11.1
i_ibus_ack,11.1
i_ibus_rdt[12],11.1
i_ibus_rdt[13],11.1
i_ibus_rdt[15],11.1
i_rdata[1],11.1
o_dbus_adr[3],11.05
net15,11.02
o_dbus_adr[6],11.01
o_dbus_adr[26],11
o_dbus_adr[31],11
o_dbus_dat[13],11
o_dbus_dat[23],11
o_dbus_dat[27],11
o_ibus_adr[9],11
o_ibus_cyc,11
o_raddr[3],11
o_raddr[4],11
o_raddr[6],11
o_waddr[8],11
_0303_,10.88
_0458_,10.82
_0343_,10.78
net196,10.78
o_dbus_dat[18],10.77
cpu.immdec.gen_immdec_w_eq_1.imm19_12_20\[3\],10.6
o_dbus_adr[7],10.54
_0492_,10.48
o_ibus_adr[16],10.37
o_raddr[2],10.34
_0376_,10.32
_0469_,10.3
o_raddr[0],10.29
_0390_,10.2
_0517_,10.18
cpu.gen_csr.csr.mstatus_mpie,10.14
_0505_,10.12
i_dbus_rdt[0],10.09
o_dbus_adr[5],10.09
o_dbus_adr[30],10.08
o_dbus_dat[3],10.08
o_dbus_sel[2],9.98
o_ibus_adr[26],9.89
o_dbus_adr[2],9.88
o_dbus_dat[28],9.88
o_dbus_dat[16],9.86
o_dbus_dat[20],9.74
_0105_,9.705
_0499_,9.7
cpu.ctrl.pc_plus_offset_cy_r,9.68
i_dbus_rdt[21],9.64
i_dbus_rdt[23],9.64
i_dbus_rdt[30],9.64
i_dbus_rdt[5],9.64
i_ibus_rdt[2],9.64
net195,9.64
net190,9.56
_0493_,9.52
_0612_,9.52
_0645_,9.505
rf_ram_if.wdata1_r\[2\],9.48
o_dbus_dat[5],9.43
i_ibus_rdt[22],9.39
_0460_,9.36
_0535_,9.36
_0381_,9.28
rf_ram_if.rdata0\[1\],9.22
i_dbus_ack,9.18
cpu.gen_csr.csr.mcause31,9.16
o_dbus_dat[6],9.06
o_dbus_we,8.97
o_dbus_adr[11],8.96
o_dbus_dat[0],8.96
o_dbus_dat[14],8.96
o_ibus_adr[12],8.96
o_ibus_adr[17],8.96
o_ibus_adr[1],8.96
o_ibus_adr[21],8.96
o_ibus_adr[7],8.96
o_waddr[9],8.96
_0295_,8.94
_0404_,8.94
_0194_,8.9
_0358_,8.9
i_dbus_rdt[29],8.72
i_dbus_rdt[2],8.72
i_ibus_rdt[17],8.72
i_ibus_rdt[26],8.72
i_ibus_rdt[28],8.72
i_rdata[0],8.72
net99,8.72
_0418_,8.66
cpu.gen_csr.csr.timer_irq_r,8.66
_0035_,8.605
cpu.bufreg.c_r,8.58
rf_ram_if.wdata1_r\[0\],8.52
_0534_,8.5
o_waddr[1],8.5
_0422_,8.48
_0185_,8.44
_0246_,8.44
_0558_,8.44
_0183_,8.29
_0007_,8.285
i_dbus_rdt[13],8.26
o_dbus_adr[8],8.25
o_wdata[0],8.25
_0484_,8.14
_0069_,8.065
o_dbus_adr[12],8.04
o_dbus_dat[26],8.04
o_dbus_dat[8],8.04
o_ibus_adr[15],8.04
o_ibus_adr[20],8.04
o_raddr[1],8.04
o_raddr[5],8.04
_0391_,8.02
_0547_,8.02
o_dbus_adr[29],8.01
_0426_,8
_0187_,7.98
_0410_,7.98
_0531_,7.98
_0536_,7.98
net205,7.96
_0140_,7.94
_0495_,7.94
i_ibus_rdt[31],7.93
cpu.immdec.gen_immdec_w_eq_1.imm30_25\[3\],7.92
net60,7.92
_0018_,7.905
o_dbus_dat[25],7.81
_0363_,7.78
net186,7.76
_0306_,7.68
_0217_,7.66
_0601_,7.64
_0592_,7.62
cpu.gen_csr.csr.mcause3_0\[2\],7.6
i_dbus_rdt[1],7.59
o_dbus_adr[25],7.57
_0010_,7.565
cpu.gen_csr.csr.mie_mtie,7.56
_0204_,7.52
cpu.state.ibus_cyc,7.48
_0355_,7.42
cpu.immdec.gen_immdec_w_eq_1.imm30_25\[5\],7.42
_0431_,7.34
_0335_,7.32
net200,7.305
_0177_,7.28
_0584_,7.18
_0649_,7.18
o_dbus_adr[16],7.13
i_ibus_rdt[19],7.11
_0232_,7.1
_0158_,7.085
_0383_,7.06
cpu.gen_csr.csr.mcause3_0\[1\],7.06
_0333_,7.04
_0192_,7
_0429_,7
_0129_,6.96
_0502_,6.96
_0595_,6.96
_0406_,6.94
_0057_,6.925
_0081_,6.825
net198,6.805
net188,6.8
_0608_,6.78
_0171_,6.765
_0582_,6.76
_0233_,6.74
_0165_,6.685
_0040_,6.645
_0513_,6.64
_0199_,6.6
_0234_,6.6
_0253_,6.6
_0398_,6.6
_0427_,6.6
_0501_,6.6
_0551_,6.6
_0136_,6.565
_0341_,6.54
_0224_,6.52
_0478_,6.5
_0157_,6.465
o_dbus_adr[14],6.45
o_dbus_adr[21],6.45
i_dbus_rdt[25],6.43
cpu.bufreg2.i_bytecnt\[1\],6.38
_0003_,6.365
cpu.ctrl.pc_plus_4_cy_r,6.36
_0238_,6.32
_0330_,6.32
_0537_,6.3
_0634_,6.3
_0082_,6.265
_0507_,6.26
_0047_,6.225
_0070_,6.225
o_dbus_dat[15],6.21
o_dbus_dat[17],6.21
o_waddr[2],6.21
_0544_,6.2
_0014_,6.185
_0115_,6.18
_0214_,6.18
_0409_,6.18
_0597_,6.18
_0353_,6.17
_0075_,6.165
_0571_,6.16
_0228_,6.14
o_ibus_adr[3],6.11
_0143_,6.04
_0005_,6.025
_0054_,6.005
_0168_,6.005
_0528_,5.98
i_ibus_rdt[7],5.97
_0067_,5.865
_0440_,5.86
_0585_,5.86
cpu.gen_csr.csr.mcause3_0\[3\],5.86
net202,5.86
i_ibus_rdt[11],5.85
i_ibus_rdt[25],5.85
_0633_,5.78
o_ibus_adr[14],5.77
_0038_,5.765
_0127_,5.765
_0221_,5.74
_0227_,5.74
_0243_,5.74
_0308_,5.74
_0392_,5.74
_0451_,5.74
_0482_,5.74
_0554_,5.74
_0231_,5.72
_0315_,5.72
_0351_,5.72
_0599_,5.72
_0605_,5.72
_0632_,5.72
net203,5.72
_0071_,5.645
_0465_,5.6
_0384_,5.58
_0578_,5.58
_0060_,5.545
_0130_,5.545
o_raddr[8],5.53
i_dbus_rdt[7],5.51
_0586_,5.505
_0020_,5.465
_0051_,5.435
_0477_,5.4
_0352_,5.38
_0480_,5.38
rf_ram_if.wdata1_r\[1\],5.38
_0399_,5.36
_0046_,5.345
_0096_,5.34
_0488_,5.34
i_dbus_rdt[8],5.31
_0091_,5.305
_0166_,5.305
i_dbus_rdt[19],5.29
i_ibus_rdt[18],5.29
i_ibus_rdt[20],5.29
o_ibus_adr[18],5.29
o_waddr[3],5.29
_0193_,5.28
_0126_,5.26
_0244_,5.26
_0602_,5.24
_0188_,5.22
_0225_,5.22
_0643_,5.22
net187,5.22
i_dbus_rdt[10],5.19
o_dbus_adr[15],5.19
o_dbus_adr[22],5.19
o_wdata[1],5.19
_0006_,5.185
_0141_,5.185
_0159_,5.16
_0216_,5.16
_0250_,5.16
_0270_,5.16
_0607_,5.16
_0230_,5.14
_0443_,5.14
_0220_,5.12
_0617_,5.12
_0031_,5.085
_0059_,5.085
i_dbus_rdt[26],5.07
_0396_,5.06
net207,5.06
_0424_,5.04
_0111_,5.02
o_dbus_dat[1],4.95
o_ibus_adr[22],4.95
_0050_,4.945
_0619_,4.94
_0226_,4.92
_0609_,4.92
_0621_,4.9
_0206_,4.88
_0570_,4.88
_0083_,4.865
i_ibus_rdt[4],4.85
o_dbus_adr[9],4.85
o_dbus_dat[24],4.85
o_dbus_dat[7],4.85
o_ibus_adr[8],4.85
_0155_,4.845
_0181_,4.8
_0380_,4.8
_0575_,4.8
_0593_,4.8
_0616_,4.8
net175,4.8
_0208_,4.76
_0223_,4.76
_0637_,4.76
_0128_,4.755
i_ibus_rdt[30],4.73
_0028_,4.7
_0135_,4.7
_0591_,4.7
_0195_,4.68
_0048_,4.625
o_dbus_adr[17],4.61
o_dbus_dat[19],4.61
o_dbus_dat[21],4.61
o_dbus_dat[30],4.61
o_dbus_dat[9],4.61
o_ibus_adr[27],4.61
o_raddr[7],4.61
o_raddr[9],4.61
_0566_,4.6
_0430_,4.58
_0471_,4.58
_0490_,4.58
_0497_,4.56
_0025_,4.545
i_dbus_rdt[9],4.49
i_ibus_rdt[27],4.49
i_ibus_rdt[6],4.49
_0239_,4.46
_0638_,4.46
_0095_,4.425
_0573_,4.42
_0120_,4.395
i_timer_irq,4.39
_0052_,4.385
_0201_,4.36
_0538_,4.36
_0180_,4.34
_0205_,4.34
_0511_,4.34
_0603_,4.34
_0467_,4.3
_0033_,4.265
_0022_,4.26
_0173_,4.26
_0068_,4.24
_0302_,4.22
_0041_,4.165
_0037_,4.145
_0023_,4.12
_0146_,4.085
_0133_,4.065
_0078_,4.045
_0154_,4.045
_0489_,4.02
_0197_,4
_0278_,4
_0629_,4
_0164_,3.965
i_dbus_rdt[11],3.93
i_ibus_rdt[21],3.93
i_ibus_rdt[23],3.93
o_dbus_adr[27],3.93
o_ibus_adr[13],3.93
o_ibus_adr[24],3.93
o_wen,3.93
_0042_,3.925
_0106_,3.925
_0001_,3.9
_0273_,3.9
_0548_,3.9
_0229_,3.88
_0235_,3.88
_0378_,3.88
_0476_,3.88
_0580_,3.88
_0119_,3.865
i_dbus_rdt[18],3.81
i_ibus_rdt[9],3.81
_0029_,3.805
_0027_,3.8
_0097_,3.8
_0144_,3.8
_0058_,3.78
_0504_,3.76
_0521_,3.76
_0017_,3.705
_0024_,3.705
_0087_,3.705
_0172_,3.705
_0387_,3.68
_0564_,3.68
_0446_,3.66
_0101_,3.625
_0030_,3.585
net197,3.585
_0282_,3.58
_0277_,3.56
_0491_,3.56
_0249_,3.54
_0336_,3.54
_0556_,3.54
_0588_,3.54
_0604_,3.54
_0618_,3.54
_0644_,3.54
_0441_,3.52
o_dbus_adr[24],3.47
_0019_,3.465
_0043_,3.465
_0062_,3.465
_0084_,3.465
_0090_,3.465
_0098_,3.465
net199,3.465
_0647_,3.44
_0210_,3.42
_0213_,3.42
_0323_,3.42
_0555_,3.42
_0626_,3.42
_0646_,3.42
net180,3.42
net201,3.42
_0009_,3.405
_0074_,3.405
_0086_,3.405
_0104_,3.405
_0134_,3.405
_0161_,3.405
_0464_,3.4
_0066_,3.345
_0113_,3.34
_0114_,3.34
_0125_,3.34
_0162_,3.34
_0178_,3.3
_0292_,3.28
_0045_,3.245
_0463_,3.22
_0496_,3.22
_0529_,3.22
rf_ram_if.rgnt,3.2
_0013_,3.175
_0080_,3.175
_0248_,3.1
_0362_,3.1
_0500_,3.1
_0577_,3.1
_0583_,3.1
_0587_,3.1
rf_ram_if.wdata0_r\[0\],3.1
_0540_,3.08
_0552_,3.08
_0553_,3.08
_0557_,3.08
_0354_,3.06
_0036_,3.005
_0063_,3.005
_0012_,3
_0405_,2.98
_0561_,2.98
_0016_,2.96
_0296_,2.96
_0462_,2.96
_0624_,2.96
_0641_,2.96
_0077_,2.945
_0088_,2.945
_0089_,2.945
_0093_,2.945
_0103_,2.945
_0109_,2.945
_0110_,2.945
_0118_,2.945
_0132_,2.945
_0137_,2.945
_0142_,2.945
_0149_,2.945
_0160_,2.945
_0002_,2.885
_0061_,2.86
_0085_,2.86
_0163_,2.86
_0374_,2.86
_0423_,2.86
_0630_,2.86
_0297_,2.84
_0124_,2.795
_0044_,2.785
_0055_,2.785
_0642_,2.76
rf_ram_if.rreq_r,2.74
_0117_,2.715
_0123_,2.715
_0034_,2.705
_0196_,2.64
_0212_,2.64
_0236_,2.64
_0256_,2.64
_0474_,2.64
_0360_,2.63
_0182_,2.62
_0293_,2.62
_0450_,2.62
_0485_,2.62
_0560_,2.62
_0598_,2.62
_0000_,2.595
_0079_,2.595
_0156_,2.595
_0170_,2.595
_0150_,2.585
_0008_,2.545
_0064_,2.545
_0094_,2.545
_0112_,2.545
_0131_,2.545
_0153_,2.545
_0174_,2.545
_0393_,2.53
_0241_,2.52
_0506_,2.52
_0510_,2.52
_0559_,2.52
_0138_,2.5
_0200_,2.5
_0274_,2.5
_0543_,2.5
_0628_,2.5
_0116_,2.425
_0198_,2.4
_0202_,2.4
_0209_,2.4
_0218_,2.4
_0615_,2.4
_0375_,2.38
_0122_,2.375
_0015_,2.325
_0026_,2.325
_0291_,2.3
_0368_,2.3
_0011_,2.255
_0065_,2.255
_0169_,2.255
_0242_,2.18
_0344_,2.18
_0186_,2.16
_0237_,2.16
_0283_,2.16
_0366_,2.16
_0377_,2.16
_0541_,2.16
_0594_,2.16
_0639_,2.16
_0121_,2.145
_0076_,2.125
_0073_,2.085
_0108_,2.085
_0139_,2.085
_0145_,2.085
_0148_,2.085
_0151_,2.085
_0102_,2.06
_0247_,2.06
_0472_,2.06
_0563_,2.06
_0207_,2.04
_0304_,2.04
_0412_,2.04
_0470_,2.04
_0569_,2.04
_0039_,2.025
_0056_,2.025
_0222_,1.94
_0625_,1.94
_0049_,1.865
_0072_,1.865
_0099_,1.865
_0100_,1.865
_0107_,1.865
_0147_,1.865
_0152_,1.865
_0167_,1.865
_0369_,1.84
_0371_,1.84
_0479_,1.84
_0562_,1.84
_0568_,1.84
_0449_,1.7
_0611_,1.7
_0219_,1.6
_0498_,1.6
_0622_,1.6
_0576_,1.48
_0092_,1.46
_0407_,1.46
_0004_,1.405
_0021_,1.405
_0438_,1.38
_0421_,1.26
_0454_,1.26
_0184_,1.14
_0191_,1.14
_0215_,1.14
_0240_,1.14
_0245_,1.14
_0287_,1.14
_0334_,1.14
_0532_,1.14
_0533_,1.14
_0542_,1.14
_0545_,1.14
_0546_,1.14
_0549_,1.14
_0620_,1.14
_0631_,1.14
cpu.mem_if.signbit,1.14
_0319_,0.92
_0518_,0.92
